,Accuracy,Recall,Precision,F1
0,0.7748063726203174,0.7947001530994495,0.7947001530994495,0.7947001530994494
